fetched_at,symbol,date,open,high,low,close,volume,prev_close,pct_change,ma5,ma10,ma20
2026-03-25 11:00:02,NEPSE,2026-03-25,2100.0,2099.0,2096.7,2098.1,144289,2098.0,0.0,,,
2026-03-25 11:00:02,NABIL,2026-03-25,544.0,544.2,543.0,543.3,158098,544.6,-0.24,,,
2026-03-25 11:00:02,ADBL,2026-03-25,328.5,331.6,328.8,330.0,131171,334.9,-1.46,,,
2026-03-25 11:00:02,NTC,2026-03-25,932.0,932.0,930.8,931.2,113482,914.0,1.88,,,
2026-03-25 11:00:02,NICA,2026-03-25,387.0,392.0,388.3,389.0,153897,394.0,-1.27,,,
2026-03-25 11:00:02,UPPER,2026-03-25,450.0,452.8,448.0,450.4,168037,448.0,0.54,,,
2026-03-25 11:00:02,SCB,2026-03-25,693.6,694.2,691.3,692.4,42550,680.0,1.82,,,
2026-03-25 11:00:02,EBL,2026-03-25,600.0,602.9,599.4,601.3,18865,598.0,0.55,,,
2026-03-25 11:00:02,SBL,2026-03-25,410.0,410.8,407.8,409.1,24011,405.0,1.01,,,
2026-03-25 11:00:02,GBIME,2026-03-25,320.0,321.8,318.7,320.2,91245,318.0,0.69,,,
2026-03-25 11:04:53,NEPSE,2026-03-25,2100.0,2103.0,2099.6,2101.6,77011,2098.0,0.17,,,
2026-03-25 11:04:53,NABIL,2026-03-25,544.0,543.2,542.7,543.0,171002,544.6,-0.29,,,
2026-03-25 11:04:53,ADBL,2026-03-25,328.5,329.6,326.4,327.0,49368,334.9,-2.36,,,
2026-03-25 11:04:53,NTC,2026-03-25,932.0,933.2,929.7,930.6,66108,914.0,1.82,,,
2026-03-25 11:04:53,NICA,2026-03-25,387.0,388.1,386.4,387.4,35036,394.0,-1.68,,,
2026-03-25 11:04:53,UPPER,2026-03-25,450.0,451.1,449.0,450.8,55625,448.0,0.63,,,
2026-03-25 11:04:53,SCB,2026-03-25,693.6,694.7,691.8,691.8,174780,680.0,1.74,,,
2026-03-25 11:04:53,EBL,2026-03-25,600.0,600.1,597.3,599.7,141174,598.0,0.28,,,
2026-03-25 11:04:53,SBL,2026-03-25,410.0,412.1,408.9,410.7,144179,405.0,1.41,,,
2026-03-25 11:04:53,GBIME,2026-03-25,320.0,322.0,320.1,320.6,118765,318.0,0.82,,,
2026-03-25 11:09:29,NEPSE,2026-03-25,2100.0,2102.4,2100.1,2101.0,107486,2098.0,0.14,,,
2026-03-25 11:09:29,NABIL,2026-03-25,544.0,546.8,544.2,544.8,29374,544.6,0.04,,,
2026-03-25 11:09:29,ADBL,2026-03-25,328.5,330.0,328.4,328.6,146214,334.9,-1.88,,,
2026-03-25 11:09:29,NTC,2026-03-25,932.0,933.5,929.7,931.9,9465,914.0,1.96,,,
2026-03-25 11:09:29,NICA,2026-03-25,387.0,389.0,385.1,386.3,34825,394.0,-1.95,,,
2026-03-25 11:09:29,UPPER,2026-03-25,450.0,449.5,446.8,449.2,80996,448.0,0.27,,,
2026-03-25 11:09:29,SCB,2026-03-25,693.6,696.1,692.9,694.4,128282,680.0,2.12,,,
2026-03-25 11:09:29,EBL,2026-03-25,600.0,598.4,597.6,598.3,21628,598.0,0.05,,,
2026-03-25 11:09:29,SBL,2026-03-25,410.0,412.3,410.2,411.9,87713,405.0,1.7,,,
2026-03-25 11:09:29,GBIME,2026-03-25,320.0,318.2,315.7,318.2,117100,318.0,0.06,,,
2026-03-25 11:13:11,NEPSE,2026-03-25,2100.0,2101.3,2098.9,2100.9,197755,2098.0,0.14,,,
2026-03-25 11:13:11,NABIL,2026-03-25,544.0,546.7,542.9,545.1,80341,544.6,0.09,,,
2026-03-25 11:13:11,ADBL,2026-03-25,328.5,330.8,329.3,330.4,49235,334.9,-1.34,,,
2026-03-25 11:13:11,NTC,2026-03-25,932.0,931.8,930.3,931.3,94915,914.0,1.89,,,
2026-03-25 11:13:11,NICA,2026-03-25,387.0,388.5,385.2,387.2,186200,394.0,-1.73,,,
2026-03-25 11:13:11,UPPER,2026-03-25,450.0,452.2,448.8,450.2,77485,448.0,0.49,,,
2026-03-25 11:13:11,SCB,2026-03-25,693.6,695.7,690.2,692.9,90303,680.0,1.9,,,
2026-03-25 11:13:11,EBL,2026-03-25,600.0,599.7,597.8,599.4,31688,598.0,0.23,,,
2026-03-25 11:13:11,SBL,2026-03-25,410.0,410.6,406.9,408.9,67340,405.0,0.96,,,
2026-03-25 11:13:11,GBIME,2026-03-25,320.0,321.5,318.3,319.6,171739,318.0,0.5,,,
2026-03-25 11:18:23,NEPSE,2026-03-25,2100.0,2104.1,2099.1,2101.9,170160,2098.0,0.19,,,
2026-03-25 11:18:23,NABIL,2026-03-25,544.0,544.0,540.5,542.1,80834,544.6,-0.46,,,
2026-03-25 11:18:23,ADBL,2026-03-25,328.5,331.6,326.7,328.9,74997,334.9,-1.79,,,
2026-03-25 11:18:23,NTC,2026-03-25,932.0,931.1,929.1,930.3,92886,914.0,1.78,,,
2026-03-25 11:18:23,NICA,2026-03-25,387.0,390.0,386.2,387.1,7901,394.0,-1.75,,,
2026-03-25 11:18:23,UPPER,2026-03-25,450.0,452.0,449.6,450.4,94111,448.0,0.54,,,
2026-03-25 11:18:23,SCB,2026-03-25,693.6,694.4,693.4,694.0,144620,680.0,2.06,,,
2026-03-25 11:18:23,EBL,2026-03-25,600.0,603.2,599.7,601.1,150424,598.0,0.52,,,
2026-03-25 11:18:23,SBL,2026-03-25,410.0,409.9,407.2,409.3,122483,405.0,1.06,,,
2026-03-25 11:18:23,GBIME,2026-03-25,320.0,322.0,319.4,320.2,71677,318.0,0.69,,,
2026-03-25 11:22:17,NEPSE,2026-03-25,2100.0,2101.6,2099.5,2101.1,12808,2098.0,0.15,,,
2026-03-25 11:22:17,NABIL,2026-03-25,544.0,545.4,544.3,545.1,42921,544.6,0.09,,,
2026-03-25 11:22:17,ADBL,2026-03-25,328.5,332.7,328.0,330.4,159745,334.9,-1.34,,,
2026-03-25 11:22:17,NTC,2026-03-25,932.0,933.7,930.2,932.4,82393,914.0,2.01,,,
2026-03-25 11:22:17,NICA,2026-03-25,387.0,389.6,385.3,386.9,168157,394.0,-1.8,,,
2026-03-25 11:22:17,UPPER,2026-03-25,450.0,450.1,445.4,448.2,118362,448.0,0.04,,,
2026-03-25 11:22:17,SCB,2026-03-25,693.6,696.7,694.9,695.3,6941,680.0,2.25,,,
2026-03-25 11:22:17,EBL,2026-03-25,600.0,600.7,599.1,599.5,51848,598.0,0.25,,,
2026-03-25 11:22:17,SBL,2026-03-25,410.0,411.6,409.1,410.6,72043,405.0,1.38,,,
2026-03-25 11:22:17,GBIME,2026-03-25,320.0,323.8,319.4,321.0,164557,318.0,0.94,,,
2026-03-25 11:25:23,NEPSE,2026-03-25,2100.0,2101.2,2097.2,2099.0,188882,2098.0,0.05,,,
2026-03-25 11:25:23,NABIL,2026-03-25,544.0,547.3,542.4,544.6,114271,544.6,0.0,,,
2026-03-25 11:25:23,ADBL,2026-03-25,328.5,331.5,330.2,330.3,170755,334.9,-1.37,,,
2026-03-25 11:25:23,NTC,2026-03-25,932.0,932.8,929.3,931.6,187190,914.0,1.93,,,
2026-03-25 11:25:23,NICA,2026-03-25,387.0,388.7,385.1,385.9,113530,394.0,-2.06,,,
2026-03-25 11:25:23,UPPER,2026-03-25,450.0,449.8,445.8,448.4,86217,448.0,0.09,,,
2026-03-25 11:25:23,SCB,2026-03-25,693.6,695.3,692.2,694.4,107676,680.0,2.12,,,
2026-03-25 11:25:23,EBL,2026-03-25,600.0,601.1,598.1,600.0,81397,598.0,0.33,,,
2026-03-25 11:25:23,SBL,2026-03-25,410.0,414.0,409.4,411.3,158379,405.0,1.56,,,
2026-03-25 11:25:23,GBIME,2026-03-25,320.0,322.8,319.4,320.7,136698,318.0,0.85,,,
2026-03-25 11:28:25,NEPSE,2026-03-25,2100.0,2101.4,2098.2,2100.2,29570,2098.0,0.1,,,
2026-03-25 11:28:25,NABIL,2026-03-25,544.0,544.2,541.0,543.4,27364,544.6,-0.22,,,
2026-03-25 11:28:25,ADBL,2026-03-25,328.5,330.5,327.9,329.9,112209,334.9,-1.49,,,
2026-03-25 11:28:25,NTC,2026-03-25,932.0,933.8,928.6,931.2,80181,914.0,1.88,,,
2026-03-25 11:28:25,NICA,2026-03-25,387.0,389.5,386.4,388.2,173428,394.0,-1.47,,,
2026-03-25 11:28:25,UPPER,2026-03-25,450.0,449.0,447.4,448.1,27447,448.0,0.02,,,
2026-03-25 11:28:25,SCB,2026-03-25,693.6,692.8,689.9,691.7,40163,680.0,1.72,,,
2026-03-25 11:28:25,EBL,2026-03-25,600.0,602.1,600.1,601.4,40342,598.0,0.57,,,
2026-03-25 11:28:25,SBL,2026-03-25,410.0,412.8,408.0,409.9,41330,405.0,1.21,,,
2026-03-25 11:28:25,GBIME,2026-03-25,320.0,322.6,321.5,321.6,98317,318.0,1.13,,,
2026-03-25 11:32:05,NEPSE,2026-03-25,2100.0,2104.1,2099.1,2101.9,142154,2098.0,0.19,,,
2026-03-25 11:32:05,NABIL,2026-03-25,544.0,543.2,540.3,542.1,26199,544.6,-0.46,,,
2026-03-25 11:32:05,ADBL,2026-03-25,328.5,330.1,328.4,329.9,38433,334.9,-1.49,,,
2026-03-25 11:32:05,NTC,2026-03-25,932.0,933.1,932.0,932.9,127818,914.0,2.07,,,
2026-03-25 11:32:05,NICA,2026-03-25,387.0,385.8,383.9,385.5,14261,394.0,-2.16,,,
2026-03-25 11:32:05,UPPER,2026-03-25,450.0,452.5,448.0,450.1,17169,448.0,0.47,,,
2026-03-25 11:32:05,SCB,2026-03-25,693.6,695.1,693.1,693.9,176382,680.0,2.04,,,
2026-03-25 11:32:05,EBL,2026-03-25,600.0,601.4,596.7,598.5,148088,598.0,0.08,,,
2026-03-25 11:32:05,SBL,2026-03-25,410.0,411.0,408.1,410.1,54243,405.0,1.26,,,
2026-03-25 11:32:05,GBIME,2026-03-25,320.0,322.1,318.8,320.4,44535,318.0,0.75,,,
2026-03-25 11:36:12,NEPSE,2026-03-25,2100.0,2101.3,2099.2,2099.9,95654,2098.0,0.09,,,
2026-03-25 11:36:12,NABIL,2026-03-25,544.0,545.1,543.1,545.1,75705,544.6,0.09,,,
2026-03-25 11:36:12,ADBL,2026-03-25,328.5,328.9,326.2,326.8,89416,334.9,-2.42,,,
2026-03-25 11:36:12,NTC,2026-03-25,932.0,931.8,928.6,930.3,67341,914.0,1.78,,,
2026-03-25 11:36:12,NICA,2026-03-25,387.0,386.4,384.5,385.3,14897,394.0,-2.21,,,
2026-03-25 11:36:12,UPPER,2026-03-25,450.0,450.1,449.0,449.2,145061,448.0,0.27,,,
2026-03-25 11:36:12,SCB,2026-03-25,693.6,695.2,691.9,693.2,195614,680.0,1.94,,,
2026-03-25 11:36:12,EBL,2026-03-25,600.0,601.5,598.1,600.2,161308,598.0,0.37,,,
2026-03-25 11:36:12,SBL,2026-03-25,410.0,409.6,408.6,409.1,46712,405.0,1.01,,,
2026-03-25 11:36:12,GBIME,2026-03-25,320.0,319.6,316.8,318.3,81336,318.0,0.09,,,
2026-03-25 11:40:14,NEPSE,2026-03-25,2100.0,2100.5,2096.1,2098.8,34115,2098.0,0.04,,,
2026-03-25 11:40:14,NABIL,2026-03-25,544.0,547.5,543.6,545.7,23506,544.6,0.2,,,
2026-03-25 11:40:14,ADBL,2026-03-25,328.5,332.5,327.4,330.1,132572,334.9,-1.43,,,
2026-03-25 11:40:14,NTC,2026-03-25,932.0,932.6,930.9,932.1,82007,914.0,1.98,,,
2026-03-25 11:40:14,NICA,2026-03-25,387.0,388.2,384.1,385.2,23678,394.0,-2.23,,,
2026-03-25 11:40:14,UPPER,2026-03-25,450.0,452.3,449.3,451.1,41884,448.0,0.69,,,
2026-03-25 11:40:14,SCB,2026-03-25,693.6,696.2,694.1,695.3,114153,680.0,2.25,,,
2026-03-25 11:40:14,EBL,2026-03-25,600.0,601.2,597.5,599.1,171889,598.0,0.18,,,
2026-03-25 11:40:14,SBL,2026-03-25,410.0,410.2,407.4,408.5,123889,405.0,0.86,,,
2026-03-25 11:40:14,GBIME,2026-03-25,320.0,323.9,320.8,321.7,98011,318.0,1.16,,,
2026-03-25 11:43:29,NEPSE,2026-03-25,2100.0,2101.4,2098.1,2100.1,74576,2098.0,0.1,,,
2026-03-25 11:43:29,NABIL,2026-03-25,544.0,543.0,541.9,542.4,45967,544.6,-0.4,,,
2026-03-25 11:43:29,ADBL,2026-03-25,328.5,329.7,328.2,328.4,67846,334.9,-1.94,,,
2026-03-25 11:43:29,NTC,2026-03-25,932.0,931.9,929.9,931.7,42341,914.0,1.94,,,
2026-03-25 11:43:29,NICA,2026-03-25,387.0,390.1,386.0,388.0,199008,394.0,-1.52,,,
2026-03-25 11:43:29,UPPER,2026-03-25,450.0,452.7,448.5,451.0,45883,448.0,0.67,,,
2026-03-25 11:43:29,SCB,2026-03-25,693.6,695.2,691.9,694.6,182429,680.0,2.15,,,
2026-03-25 11:43:29,EBL,2026-03-25,600.0,602.3,597.0,599.7,80762,598.0,0.28,,,
2026-03-25 11:43:29,SBL,2026-03-25,410.0,412.5,407.8,410.6,134845,405.0,1.38,,,
2026-03-25 11:43:29,GBIME,2026-03-25,320.0,321.6,318.4,318.6,83405,318.0,0.19,,,
2026-03-25 11:48:43,NEPSE,2026-03-25,2100.0,2099.4,2098.3,2098.6,121897,2098.0,0.03,,,
2026-03-25 11:48:43,NABIL,2026-03-25,544.0,545.7,543.5,544.0,115409,544.6,-0.11,,,
2026-03-25 11:48:43,ADBL,2026-03-25,328.5,328.1,325.9,327.3,100771,334.9,-2.27,,,
2026-03-25 11:48:43,NTC,2026-03-25,932.0,930.7,930.5,930.6,60936,914.0,1.82,,,
2026-03-25 11:48:43,NICA,2026-03-25,387.0,385.8,382.0,385.0,177230,394.0,-2.28,,,
2026-03-25 11:48:43,UPPER,2026-03-25,450.0,449.4,447.3,448.3,16366,448.0,0.07,,,
2026-03-25 11:48:43,SCB,2026-03-25,693.6,694.5,691.1,693.1,148877,680.0,1.93,,,
2026-03-25 11:48:43,EBL,2026-03-25,600.0,601.3,597.9,598.3,88950,598.0,0.05,,,
2026-03-25 11:48:43,SBL,2026-03-25,410.0,414.1,410.3,411.9,141592,405.0,1.7,,,
2026-03-25 11:48:43,GBIME,2026-03-25,320.0,320.9,318.2,319.6,195052,318.0,0.5,,,
2026-03-25 11:53:23,NEPSE,2026-03-25,2100.0,2102.1,2098.3,2100.8,24253,2098.0,0.13,,,
2026-03-25 11:53:23,NABIL,2026-03-25,544.0,543.9,542.0,542.4,164519,544.6,-0.4,,,
2026-03-25 11:53:23,ADBL,2026-03-25,328.5,332.8,329.8,330.4,189827,334.9,-1.34,,,
2026-03-25 11:53:23,NTC,2026-03-25,932.0,934.2,931.0,931.9,127777,914.0,1.96,,,
2026-03-25 11:53:23,NICA,2026-03-25,387.0,389.3,385.6,388.4,113905,394.0,-1.42,,,
2026-03-25 11:53:23,UPPER,2026-03-25,450.0,453.8,449.7,451.1,45868,448.0,0.69,,,
2026-03-25 11:53:23,SCB,2026-03-25,693.6,695.3,691.9,692.3,108202,680.0,1.81,,,
2026-03-25 11:53:23,EBL,2026-03-25,600.0,600.0,596.3,599.1,78497,598.0,0.18,,,
2026-03-25 11:53:23,SBL,2026-03-25,410.0,413.2,409.3,410.4,18110,405.0,1.33,,,
2026-03-25 11:53:23,GBIME,2026-03-25,320.0,322.3,318.4,321.2,64400,318.0,1.01,,,
2026-03-25 11:55:58,NEPSE,2026-03-25,2100.0,2101.4,2096.6,2099.2,163814,2098.0,0.06,,,
2026-03-25 11:55:58,NABIL,2026-03-25,544.0,546.3,542.9,544.5,99742,544.6,-0.02,,,
2026-03-25 11:55:58,ADBL,2026-03-25,328.5,329.1,326.0,326.5,83399,334.9,-2.51,,,
2026-03-25 11:55:58,NTC,2026-03-25,932.0,936.1,933.1,933.6,121544,914.0,2.14,,,
2026-03-25 11:55:58,NICA,2026-03-25,387.0,390.0,384.7,387.1,129235,394.0,-1.75,,,
2026-03-25 11:55:58,UPPER,2026-03-25,450.0,450.8,445.5,448.3,16294,448.0,0.07,,,
2026-03-25 11:55:58,SCB,2026-03-25,693.6,696.5,693.8,695.5,112829,680.0,2.28,,,
2026-03-25 11:55:58,EBL,2026-03-25,600.0,600.3,595.1,598.0,37844,598.0,0.0,,,
2026-03-25 11:55:58,SBL,2026-03-25,410.0,411.6,410.0,411.3,164862,405.0,1.56,,,
2026-03-25 11:55:58,GBIME,2026-03-25,320.0,321.4,317.8,320.3,104209,318.0,0.72,,,
2026-03-25 11:59:40,NEPSE,2026-03-25,2100.0,2100.2,2095.8,2098.3,184707,2098.0,0.01,,,
2026-03-25 11:59:40,NABIL,2026-03-25,544.0,547.0,542.9,545.3,96748,544.6,0.13,,,
2026-03-25 11:59:40,ADBL,2026-03-25,328.5,330.7,326.9,329.9,199160,334.9,-1.49,,,
2026-03-25 11:59:40,NTC,2026-03-25,932.0,932.3,927.7,930.6,23067,914.0,1.82,,,
2026-03-25 11:59:40,NICA,2026-03-25,387.0,385.5,383.6,385.4,189619,394.0,-2.18,,,
2026-03-25 11:59:40,UPPER,2026-03-25,450.0,450.1,446.8,448.7,125693,448.0,0.16,,,
2026-03-25 11:59:40,SCB,2026-03-25,693.6,695.5,692.4,693.6,73409,680.0,2.0,,,
2026-03-25 11:59:40,EBL,2026-03-25,600.0,600.8,597.6,599.6,89580,598.0,0.27,,,
2026-03-25 11:59:40,SBL,2026-03-25,410.0,410.9,407.7,410.3,85508,405.0,1.31,,,
2026-03-25 11:59:40,GBIME,2026-03-25,320.0,322.5,317.3,319.6,30448,318.0,0.5,,,
2026-03-25 12:02:47,NEPSE,2026-03-25,2100.0,2102.4,2099.5,2099.8,63400,2098.0,0.09,,,
2026-03-25 12:02:47,NABIL,2026-03-25,544.0,547.2,545.1,545.5,37671,544.6,0.17,,,
2026-03-25 12:02:47,ADBL,2026-03-25,328.5,329.1,325.2,326.5,127990,334.9,-2.51,,,
2026-03-25 12:02:47,NTC,2026-03-25,932.0,933.1,931.4,931.9,5755,914.0,1.96,,,
2026-03-25 12:02:47,NICA,2026-03-25,387.0,387.0,385.1,385.5,161616,394.0,-2.16,,,
2026-03-25 12:02:47,UPPER,2026-03-25,450.0,451.0,448.9,449.4,158962,448.0,0.31,,,
2026-03-25 12:02:47,SCB,2026-03-25,693.6,695.8,690.0,693.0,108087,680.0,1.91,,,
2026-03-25 12:02:47,EBL,2026-03-25,600.0,602.2,600.5,601.3,111823,598.0,0.55,,,
2026-03-25 12:02:47,SBL,2026-03-25,410.0,413.2,408.9,410.9,5693,405.0,1.46,,,
2026-03-25 12:02:47,GBIME,2026-03-25,320.0,322.9,318.1,320.3,199094,318.0,0.72,,,
2026-03-25 12:07:00,NEPSE,2026-03-25,2100.0,2101.6,2098.5,2100.5,103993,2098.0,0.12,,,
2026-03-25 12:07:00,NABIL,2026-03-25,544.0,544.4,541.2,543.3,166049,544.6,-0.24,,,
2026-03-25 12:07:00,ADBL,2026-03-25,328.5,328.1,326.7,326.8,81343,334.9,-2.42,,,
2026-03-25 12:07:00,NTC,2026-03-25,932.0,932.4,928.2,930.0,152599,914.0,1.75,,,
2026-03-25 12:07:00,NICA,2026-03-25,387.0,389.0,387.6,388.7,151792,394.0,-1.35,,,
2026-03-25 12:07:00,UPPER,2026-03-25,450.0,451.4,446.6,449.1,181096,448.0,0.25,,,
2026-03-25 12:07:00,SCB,2026-03-25,693.6,697.4,694.2,694.4,188760,680.0,2.12,,,
2026-03-25 12:07:00,EBL,2026-03-25,600.0,604.0,600.0,601.5,158516,598.0,0.59,,,
2026-03-25 12:07:00,SBL,2026-03-25,410.0,412.2,409.8,410.8,146435,405.0,1.43,,,
2026-03-25 12:07:00,GBIME,2026-03-25,320.0,319.8,316.6,318.2,99788,318.0,0.06,,,
2026-03-25 12:12:49,NEPSE,2026-03-25,2100.0,2100.9,2097.3,2099.1,160864,2098.0,0.05,,,
2026-03-25 12:12:49,NABIL,2026-03-25,544.0,542.7,540.4,542.2,27033,544.6,-0.44,,,
2026-03-25 12:12:49,ADBL,2026-03-25,328.5,329.5,325.2,327.9,98139,334.9,-2.09,,,
2026-03-25 12:12:49,NTC,2026-03-25,932.0,933.0,930.3,930.7,73388,914.0,1.83,,,
2026-03-25 12:12:49,NICA,2026-03-25,387.0,388.6,385.3,386.5,57676,394.0,-1.9,,,
2026-03-25 12:12:49,UPPER,2026-03-25,450.0,448.2,445.9,448.1,128773,448.0,0.02,,,
2026-03-25 12:12:49,SCB,2026-03-25,693.6,696.2,693.7,693.7,140039,680.0,2.01,,,
2026-03-25 12:12:49,EBL,2026-03-25,600.0,603.6,601.0,601.5,55661,598.0,0.59,,,
2026-03-25 12:12:49,SBL,2026-03-25,410.0,410.2,407.7,409.4,147148,405.0,1.09,,,
2026-03-25 12:12:49,GBIME,2026-03-25,320.0,320.4,318.1,318.7,76200,318.0,0.22,,,
2026-03-25 12:15:15,NEPSE,2026-03-25,2100.0,2102.0,2098.9,2100.6,98465,2098.0,0.12,,,
2026-03-25 12:15:15,NABIL,2026-03-25,544.0,546.4,542.8,544.6,195679,544.6,0.0,,,
2026-03-25 12:15:15,ADBL,2026-03-25,328.5,330.9,327.9,329.2,74392,334.9,-1.7,,,
2026-03-25 12:15:15,NTC,2026-03-25,932.0,934.4,929.0,931.9,128355,914.0,1.96,,,
2026-03-25 12:15:15,NICA,2026-03-25,387.0,391.4,388.1,388.5,26279,394.0,-1.4,,,
2026-03-25 12:15:15,UPPER,2026-03-25,450.0,452.4,447.8,449.6,180707,448.0,0.36,,,
2026-03-25 12:15:15,SCB,2026-03-25,693.6,694.1,691.5,693.1,195199,680.0,1.93,,,
2026-03-25 12:15:15,EBL,2026-03-25,600.0,600.5,598.4,600.0,195892,598.0,0.33,,,
2026-03-25 12:15:15,SBL,2026-03-25,410.0,412.7,411.2,411.3,188479,405.0,1.56,,,
2026-03-25 12:15:15,GBIME,2026-03-25,320.0,322.3,319.0,320.9,158231,318.0,0.91,,,
2026-03-25 12:18:39,NEPSE,2026-03-25,2100.0,2101.1,2098.7,2100.5,52349,2098.0,0.12,,,
2026-03-25 12:18:39,NABIL,2026-03-25,544.0,544.9,541.6,542.6,132493,544.6,-0.37,,,
2026-03-25 12:18:39,ADBL,2026-03-25,328.5,328.5,325.4,328.0,133368,334.9,-2.06,,,
2026-03-25 12:18:39,NTC,2026-03-25,932.0,934.4,930.1,932.8,192560,914.0,2.06,,,
2026-03-25 12:18:39,NICA,2026-03-25,387.0,388.7,385.5,386.8,176741,394.0,-1.83,,,
2026-03-25 12:18:39,UPPER,2026-03-25,450.0,451.4,449.8,450.3,192786,448.0,0.51,,,
2026-03-25 12:18:39,SCB,2026-03-25,693.6,695.0,692.2,693.4,79118,680.0,1.97,,,
2026-03-25 12:18:39,EBL,2026-03-25,600.0,600.5,596.8,598.4,81392,598.0,0.07,,,
2026-03-25 12:18:39,SBL,2026-03-25,410.0,411.0,409.8,410.6,70574,405.0,1.38,,,
2026-03-25 12:18:39,GBIME,2026-03-25,320.0,321.3,318.9,321.2,58379,318.0,1.01,,,
2026-03-25 12:21:46,NEPSE,2026-03-25,2100.0,2101.2,2099.4,2101.0,82534,2098.0,0.14,,,
2026-03-25 12:21:46,NABIL,2026-03-25,544.0,542.8,542.3,542.6,97899,544.6,-0.37,,,
2026-03-25 12:21:46,ADBL,2026-03-25,328.5,332.0,327.9,330.0,105322,334.9,-1.46,,,
2026-03-25 12:21:46,NTC,2026-03-25,932.0,931.2,928.1,930.6,112156,914.0,1.82,,,
2026-03-25 12:21:46,NICA,2026-03-25,387.0,389.3,385.1,386.3,85982,394.0,-1.95,,,
2026-03-25 12:21:46,UPPER,2026-03-25,450.0,450.2,450.0,450.0,39214,448.0,0.45,,,
2026-03-25 12:21:46,SCB,2026-03-25,693.6,694.2,691.1,692.8,98451,680.0,1.88,,,
2026-03-25 12:21:46,EBL,2026-03-25,600.0,604.0,598.8,601.8,159040,598.0,0.64,,,
2026-03-25 12:21:46,SBL,2026-03-25,410.0,410.1,405.7,408.1,143397,405.0,0.77,,,
2026-03-25 12:21:46,GBIME,2026-03-25,320.0,322.6,318.6,320.6,29004,318.0,0.82,,,
2026-03-25 12:24:50,NEPSE,2026-03-25,2100.0,2104.1,2099.5,2101.7,66372,2098.0,0.18,,,
2026-03-25 12:24:50,NABIL,2026-03-25,544.0,544.6,543.3,544.1,67143,544.6,-0.09,,,
2026-03-25 12:24:50,ADBL,2026-03-25,328.5,330.9,327.7,330.1,110983,334.9,-1.43,,,
2026-03-25 12:24:50,NTC,2026-03-25,932.0,934.1,931.2,933.6,34021,914.0,2.14,,,
2026-03-25 12:24:50,NICA,2026-03-25,387.0,389.7,384.8,387.8,182139,394.0,-1.57,,,
2026-03-25 12:24:50,UPPER,2026-03-25,450.0,452.4,450.0,450.6,77226,448.0,0.58,,,
2026-03-25 12:24:50,SCB,2026-03-25,693.6,692.3,690.9,692.0,97147,680.0,1.76,,,
2026-03-25 12:24:50,EBL,2026-03-25,600.0,600.7,598.2,599.7,112417,598.0,0.28,,,
2026-03-25 12:24:50,SBL,2026-03-25,410.0,412.4,407.9,410.2,190918,405.0,1.28,,,
2026-03-25 12:24:50,GBIME,2026-03-25,320.0,321.2,318.3,319.5,115431,318.0,0.47,,,
2026-03-25 12:28:20,NEPSE,2026-03-25,2100.0,2100.9,2097.2,2099.8,35179,2098.0,0.09,,,
2026-03-25 12:28:20,NABIL,2026-03-25,544.0,543.1,540.0,542.8,38042,544.6,-0.33,,,
2026-03-25 12:28:20,ADBL,2026-03-25,328.5,328.9,326.3,328.2,31550,334.9,-2.0,,,
2026-03-25 12:28:20,NTC,2026-03-25,932.0,932.8,931.3,931.6,190992,914.0,1.93,,,
2026-03-25 12:28:20,NICA,2026-03-25,387.0,386.0,383.6,385.7,39686,394.0,-2.11,,,
2026-03-25 12:28:20,UPPER,2026-03-25,450.0,449.4,445.4,448.3,39804,448.0,0.07,,,
2026-03-25 12:28:20,SCB,2026-03-25,693.6,697.4,692.3,694.5,146523,680.0,2.13,,,
2026-03-25 12:28:20,EBL,2026-03-25,600.0,602.4,598.7,601.1,170570,598.0,0.52,,,
2026-03-25 12:28:20,SBL,2026-03-25,410.0,408.9,405.9,408.5,63052,405.0,0.86,,,
2026-03-25 12:28:20,GBIME,2026-03-25,320.0,321.1,317.6,320.4,49070,318.0,0.75,,,
2026-03-25 12:32:54,NEPSE,2026-03-25,2100.0,2099.9,2098.2,2098.4,18051,2098.0,0.02,,,
2026-03-25 12:32:54,NABIL,2026-03-25,544.0,543.8,540.1,542.6,112811,544.6,-0.37,,,
2026-03-25 12:32:54,ADBL,2026-03-25,328.5,331.6,327.2,329.8,155010,334.9,-1.52,,,
2026-03-25 12:32:54,NTC,2026-03-25,932.0,936.4,932.8,933.6,144460,914.0,2.14,,,
2026-03-25 12:32:54,NICA,2026-03-25,387.0,389.3,386.5,388.2,145754,394.0,-1.47,,,
2026-03-25 12:32:54,UPPER,2026-03-25,450.0,449.0,447.9,448.3,11724,448.0,0.07,,,
2026-03-25 12:32:54,SCB,2026-03-25,693.6,693.3,690.5,691.7,9648,680.0,1.72,,,
2026-03-25 12:32:54,EBL,2026-03-25,600.0,599.4,596.0,598.4,106049,598.0,0.07,,,
2026-03-25 12:32:54,SBL,2026-03-25,410.0,412.0,409.0,409.5,120605,405.0,1.11,,,
2026-03-25 12:32:54,GBIME,2026-03-25,320.0,318.9,315.8,318.2,91506,318.0,0.06,,,
2026-03-25 12:36:50,NEPSE,2026-03-25,2100.0,2102.5,2099.8,2101.4,44716,2098.0,0.16,,,
2026-03-25 12:36:50,NABIL,2026-03-25,544.0,547.8,544.8,545.2,161725,544.6,0.11,,,
2026-03-25 12:36:50,ADBL,2026-03-25,328.5,330.2,327.6,329.8,134203,334.9,-1.52,,,
2026-03-25 12:36:50,NTC,2026-03-25,932.0,934.6,929.0,931.9,188904,914.0,1.96,,,
2026-03-25 12:36:50,NICA,2026-03-25,387.0,386.5,384.8,385.2,102446,394.0,-2.23,,,
2026-03-25 12:36:50,UPPER,2026-03-25,450.0,451.5,448.8,450.3,40093,448.0,0.51,,,
2026-03-25 12:36:50,SCB,2026-03-25,693.6,695.0,690.1,692.3,58256,680.0,1.81,,,
2026-03-25 12:36:50,EBL,2026-03-25,600.0,599.8,598.9,599.4,117435,598.0,0.23,,,
2026-03-25 12:36:50,SBL,2026-03-25,410.0,411.4,408.8,410.1,83188,405.0,1.26,,,
2026-03-25 12:36:50,GBIME,2026-03-25,320.0,321.3,317.3,318.3,99766,318.0,0.09,,,
2026-03-25 12:40:36,NEPSE,2026-03-25,2100.0,2102.3,2097.9,2100.0,184768,2098.0,0.1,,,
2026-03-25 12:40:36,NABIL,2026-03-25,544.0,546.3,544.7,545.6,69151,544.6,0.18,,,
2026-03-25 12:40:36,ADBL,2026-03-25,328.5,329.6,328.1,329.1,40192,334.9,-1.73,,,
2026-03-25 12:40:36,NTC,2026-03-25,932.0,935.2,933.2,933.9,36402,914.0,2.18,,,
2026-03-25 12:40:36,NICA,2026-03-25,387.0,387.5,386.0,387.2,54834,394.0,-1.73,,,
2026-03-25 12:40:36,UPPER,2026-03-25,450.0,452.0,448.2,449.8,175705,448.0,0.4,,,
2026-03-25 12:40:36,SCB,2026-03-25,693.6,694.8,692.8,694.6,11071,680.0,2.15,,,
2026-03-25 12:40:36,EBL,2026-03-25,600.0,602.6,599.0,601.8,105521,598.0,0.64,,,
2026-03-25 12:40:36,SBL,2026-03-25,410.0,412.2,410.6,412.0,147474,405.0,1.73,,,
2026-03-25 12:40:36,GBIME,2026-03-25,320.0,320.8,317.5,320.0,170903,318.0,0.63,,,
2026-03-25 12:46:45,NEPSE,2026-03-25,2100.0,2103.4,2101.2,2101.8,102346,2098.0,0.18,,,
2026-03-25 12:46:45,NABIL,2026-03-25,544.0,545.0,542.5,544.3,175932,544.6,-0.06,,,
2026-03-25 12:46:45,ADBL,2026-03-25,328.5,329.0,326.0,328.8,49201,334.9,-1.82,,,
2026-03-25 12:46:45,NTC,2026-03-25,932.0,935.4,930.8,933.7,91825,914.0,2.16,,,
2026-03-25 12:46:45,NICA,2026-03-25,387.0,389.4,386.5,386.6,54565,394.0,-1.88,,,
2026-03-25 12:46:45,UPPER,2026-03-25,450.0,453.1,448.1,450.5,117625,448.0,0.56,,,
2026-03-25 12:46:45,SCB,2026-03-25,693.6,695.9,691.3,693.4,184938,680.0,1.97,,,
2026-03-25 12:46:45,EBL,2026-03-25,600.0,601.3,597.2,599.9,21964,598.0,0.32,,,
2026-03-25 12:46:45,SBL,2026-03-25,410.0,411.7,410.4,411.6,123762,405.0,1.63,,,
2026-03-25 12:46:45,GBIME,2026-03-25,320.0,322.6,319.8,320.8,55624,318.0,0.88,,,
2026-03-25 12:49:57,NEPSE,2026-03-25,2100.0,2099.4,2097.5,2098.4,25713,2098.0,0.02,,,
2026-03-25 12:49:57,NABIL,2026-03-25,544.0,543.3,541.6,542.7,160498,544.6,-0.35,,,
2026-03-25 12:49:57,ADBL,2026-03-25,328.5,328.8,327.6,328.7,98556,334.9,-1.85,,,
2026-03-25 12:49:57,NTC,2026-03-25,932.0,933.1,930.3,932.3,120512,914.0,2.0,,,
2026-03-25 12:49:57,NICA,2026-03-25,387.0,389.2,384.5,386.8,11251,394.0,-1.83,,,
2026-03-25 12:49:57,UPPER,2026-03-25,450.0,450.3,447.2,448.8,123959,448.0,0.18,,,
2026-03-25 12:49:57,SCB,2026-03-25,693.6,692.2,691.7,691.9,62255,680.0,1.75,,,
2026-03-25 12:49:57,EBL,2026-03-25,600.0,601.6,599.3,601.4,144737,598.0,0.57,,,
2026-03-25 12:49:57,SBL,2026-03-25,410.0,413.2,411.2,411.2,69129,405.0,1.53,,,
2026-03-25 12:49:57,GBIME,2026-03-25,320.0,321.9,320.8,321.8,53479,318.0,1.19,,,
2026-03-25 12:53:27,NEPSE,2026-03-25,2100.0,2101.1,2098.8,2099.1,186303,2098.0,0.05,,,
2026-03-25 12:53:27,NABIL,2026-03-25,544.0,544.5,542.4,542.6,107667,544.6,-0.37,,,
2026-03-25 12:53:27,ADBL,2026-03-25,328.5,330.6,326.1,328.8,69890,334.9,-1.82,,,
2026-03-25 12:53:27,NTC,2026-03-25,932.0,935.3,930.6,932.8,176486,914.0,2.06,,,
2026-03-25 12:53:27,NICA,2026-03-25,387.0,388.7,386.4,386.8,99540,394.0,-1.83,,,
2026-03-25 12:53:27,UPPER,2026-03-25,450.0,452.0,447.8,449.1,157135,448.0,0.25,,,
2026-03-25 12:53:27,SCB,2026-03-25,693.6,694.9,693.6,693.6,33255,680.0,2.0,,,
2026-03-25 12:53:27,EBL,2026-03-25,600.0,603.8,598.1,600.9,65006,598.0,0.48,,,
2026-03-25 12:53:27,SBL,2026-03-25,410.0,410.3,407.8,408.9,18161,405.0,0.96,,,
2026-03-25 12:53:27,GBIME,2026-03-25,320.0,319.9,317.3,318.1,78277,318.0,0.03,,,
2026-03-25 12:58:25,NEPSE,2026-03-25,2100.0,2100.5,2095.8,2098.8,30105,2098.0,0.04,,,
2026-03-25 12:58:25,NABIL,2026-03-25,544.0,546.9,544.3,545.5,19428,544.6,0.17,,,
2026-03-25 12:58:25,ADBL,2026-03-25,328.5,330.9,327.5,329.2,36696,334.9,-1.7,,,
2026-03-25 12:58:25,NTC,2026-03-25,932.0,933.0,929.4,932.4,88917,914.0,2.01,,,
2026-03-25 12:58:25,NICA,2026-03-25,387.0,389.6,388.0,388.3,77181,394.0,-1.45,,,
2026-03-25 12:58:25,UPPER,2026-03-25,450.0,451.5,450.1,450.8,107103,448.0,0.63,,,
2026-03-25 12:58:25,SCB,2026-03-25,693.6,693.5,689.9,692.2,75108,680.0,1.79,,,
2026-03-25 12:58:25,EBL,2026-03-25,600.0,599.0,597.1,598.1,70314,598.0,0.02,,,
2026-03-25 12:58:25,SBL,2026-03-25,410.0,414.4,409.3,411.9,165943,405.0,1.7,,,
2026-03-25 12:58:25,GBIME,2026-03-25,320.0,324.2,319.5,321.6,66781,318.0,1.13,,,
2026-03-25 13:02:37,NEPSE,2026-03-25,2100.0,2101.9,2099.7,2100.7,164377,2098.0,0.13,,,
2026-03-25 13:02:37,NABIL,2026-03-25,544.0,545.9,544.5,545.2,46383,544.6,0.11,,,
2026-03-25 13:02:37,ADBL,2026-03-25,328.5,331.9,328.9,328.9,101569,334.9,-1.79,,,
2026-03-25 13:02:37,NTC,2026-03-25,932.0,933.7,931.0,931.6,141431,914.0,1.93,,,
2026-03-25 13:02:37,NICA,2026-03-25,387.0,389.4,387.8,388.3,98093,394.0,-1.45,,,
2026-03-25 13:02:37,UPPER,2026-03-25,450.0,452.0,448.8,451.3,194288,448.0,0.74,,,
2026-03-25 13:02:37,SCB,2026-03-25,693.6,693.8,691.1,693.1,142959,680.0,1.93,,,
2026-03-25 13:02:37,EBL,2026-03-25,600.0,602.8,598.8,600.7,195399,598.0,0.45,,,
2026-03-25 13:02:37,SBL,2026-03-25,410.0,408.2,407.1,408.1,119793,405.0,0.77,,,
2026-03-25 13:02:37,GBIME,2026-03-25,320.0,324.3,319.0,321.7,17454,318.0,1.16,,,
2026-03-25 13:07:20,NEPSE,2026-03-25,2100.0,2104.3,2100.2,2101.8,190246,2098.0,0.18,,,
2026-03-25 13:07:20,NABIL,2026-03-25,544.0,542.7,541.4,542.0,79849,544.6,-0.48,,,
2026-03-25 13:07:20,ADBL,2026-03-25,328.5,329.5,326.4,327.2,134754,334.9,-2.3,,,
2026-03-25 13:07:20,NTC,2026-03-25,932.0,932.6,931.5,931.7,50862,914.0,1.94,,,
2026-03-25 13:07:20,NICA,2026-03-25,387.0,388.6,383.4,386.3,106445,394.0,-1.95,,,
2026-03-25 13:07:20,UPPER,2026-03-25,450.0,451.9,447.4,450.2,151088,448.0,0.49,,,
2026-03-25 13:07:20,SCB,2026-03-25,693.6,696.5,692.6,695.0,38068,680.0,2.21,,,
2026-03-25 13:07:20,EBL,2026-03-25,600.0,603.6,600.3,600.9,119002,598.0,0.48,,,
2026-03-25 13:07:20,SBL,2026-03-25,410.0,409.7,406.6,408.1,68456,405.0,0.77,,,
2026-03-25 13:07:20,GBIME,2026-03-25,320.0,322.7,321.8,321.8,35595,318.0,1.19,,,
2026-03-25 13:10:23,NEPSE,2026-03-25,2100.0,2102.5,2098.5,2100.1,170276,2098.0,0.1,,,
2026-03-25 13:10:23,NABIL,2026-03-25,544.0,545.7,540.9,543.2,115035,544.6,-0.26,,,
2026-03-25 13:10:23,ADBL,2026-03-25,328.5,331.6,329.1,329.3,65028,334.9,-1.67,,,
2026-03-25 13:10:23,NTC,2026-03-25,932.0,934.5,934.0,934.0,192966,914.0,2.19,,,
2026-03-25 13:10:23,NICA,2026-03-25,387.0,387.4,384.8,385.0,20840,394.0,-2.28,,,
2026-03-25 13:10:23,UPPER,2026-03-25,450.0,452.6,448.0,450.1,148782,448.0,0.47,,,
2026-03-25 13:10:23,SCB,2026-03-25,693.6,693.8,691.1,693.2,11396,680.0,1.94,,,
2026-03-25 13:10:23,EBL,2026-03-25,600.0,601.5,599.8,600.9,71045,598.0,0.48,,,
2026-03-25 13:10:23,SBL,2026-03-25,410.0,412.0,407.4,409.9,75835,405.0,1.21,,,
2026-03-25 13:10:23,GBIME,2026-03-25,320.0,322.6,320.5,320.6,197159,318.0,0.82,,,
2026-03-25 13:15:58,NEPSE,2026-03-25,2100.0,2101.3,2099.8,2100.8,146515,2098.0,0.13,,,
2026-03-25 13:15:58,NABIL,2026-03-25,544.0,546.7,544.0,544.4,17608,544.6,-0.04,,,
2026-03-25 13:15:58,ADBL,2026-03-25,328.5,330.3,325.2,327.4,37606,334.9,-2.24,,,
2026-03-25 13:15:58,NTC,2026-03-25,932.0,934.3,931.2,932.4,173912,914.0,2.01,,,
2026-03-25 13:15:58,NICA,2026-03-25,387.0,386.5,384.4,386.3,101449,394.0,-1.95,,,
2026-03-25 13:15:58,UPPER,2026-03-25,450.0,452.5,449.6,451.2,182842,448.0,0.71,,,
2026-03-25 13:15:58,SCB,2026-03-25,693.6,692.6,689.3,691.7,37632,680.0,1.72,,,
2026-03-25 13:15:58,EBL,2026-03-25,600.0,601.0,600.2,600.7,75633,598.0,0.45,,,
2026-03-25 13:15:58,SBL,2026-03-25,410.0,413.9,408.9,411.8,118409,405.0,1.68,,,
2026-03-25 13:15:58,GBIME,2026-03-25,320.0,319.6,318.4,319.2,23888,318.0,0.38,,,
2026-03-25 13:21:19,NEPSE,2026-03-25,2100.0,2098.9,2095.8,2098.3,34553,2098.0,0.01,,,
2026-03-25 13:21:19,NABIL,2026-03-25,544.0,544.6,543.1,544.2,141766,544.6,-0.07,,,
2026-03-25 13:21:19,ADBL,2026-03-25,328.5,328.1,325.0,327.9,197381,334.9,-2.09,,,
2026-03-25 13:21:19,NTC,2026-03-25,932.0,932.6,929.1,931.0,60537,914.0,1.86,,,
2026-03-25 13:21:19,NICA,2026-03-25,387.0,388.2,383.7,385.7,168527,394.0,-2.11,,,
2026-03-25 13:21:19,UPPER,2026-03-25,450.0,453.8,448.8,451.3,143480,448.0,0.74,,,
2026-03-25 13:21:19,SCB,2026-03-25,693.6,697.8,694.3,695.4,63360,680.0,2.26,,,
2026-03-25 13:21:19,EBL,2026-03-25,600.0,601.0,596.3,598.5,92459,598.0,0.08,,,
2026-03-25 13:21:19,SBL,2026-03-25,410.0,412.0,407.0,409.3,77802,405.0,1.06,,,
2026-03-25 13:21:19,GBIME,2026-03-25,320.0,321.1,315.1,318.1,90417,318.0,0.03,,,
2026-03-25 13:25:43,NEPSE,2026-03-25,2100.0,2101.5,2097.0,2099.6,119059,2098.0,0.08,,,
2026-03-25 13:25:43,NABIL,2026-03-25,544.0,544.2,541.3,543.2,181287,544.6,-0.26,,,
2026-03-25 13:25:43,ADBL,2026-03-25,328.5,328.8,326.0,326.8,144027,334.9,-2.42,,,
2026-03-25 13:25:43,NTC,2026-03-25,932.0,932.0,930.4,931.0,9272,914.0,1.86,,,
2026-03-25 13:25:43,NICA,2026-03-25,387.0,387.6,385.2,385.4,48288,394.0,-2.18,,,
2026-03-25 13:25:43,UPPER,2026-03-25,450.0,449.3,447.4,448.8,140122,448.0,0.18,,,
2026-03-25 13:25:43,SCB,2026-03-25,693.6,693.9,689.9,692.3,111817,680.0,1.81,,,
2026-03-25 13:25:43,EBL,2026-03-25,600.0,600.1,598.8,599.4,32195,598.0,0.23,,,
2026-03-25 13:25:43,SBL,2026-03-25,410.0,411.8,410.1,410.4,189245,405.0,1.33,,,
2026-03-25 13:25:43,GBIME,2026-03-25,320.0,319.9,317.8,319.3,34997,318.0,0.41,,,
2026-03-25 13:28:18,NEPSE,2026-03-25,2100.0,2101.2,2097.5,2099.2,53239,2098.0,0.06,,,
2026-03-25 13:28:18,NABIL,2026-03-25,544.0,547.1,542.7,544.3,110188,544.6,-0.06,,,
2026-03-25 13:28:18,ADBL,2026-03-25,328.5,330.5,327.5,328.1,64348,334.9,-2.03,,,
2026-03-25 13:28:18,NTC,2026-03-25,932.0,934.8,932.1,933.1,146196,914.0,2.09,,,
2026-03-25 13:28:18,NICA,2026-03-25,387.0,388.7,385.4,388.1,33463,394.0,-1.5,,,
2026-03-25 13:28:18,UPPER,2026-03-25,450.0,450.9,449.0,450.6,155733,448.0,0.58,,,
2026-03-25 13:28:18,SCB,2026-03-25,693.6,694.4,692.1,693.6,149240,680.0,2.0,,,
2026-03-25 13:28:18,EBL,2026-03-25,600.0,600.0,597.5,599.9,191559,598.0,0.32,,,
2026-03-25 13:28:18,SBL,2026-03-25,410.0,414.6,409.2,411.7,34558,405.0,1.65,,,
2026-03-25 13:28:18,GBIME,2026-03-25,320.0,324.0,320.4,321.1,173734,318.0,0.97,,,
2026-03-25 13:32:42,NEPSE,2026-03-25,2100.0,2103.8,2098.6,2101.0,19656,2098.0,0.14,,,
2026-03-25 13:32:42,NABIL,2026-03-25,544.0,545.1,541.3,542.6,16063,544.6,-0.37,,,
2026-03-25 13:32:42,ADBL,2026-03-25,328.5,328.9,325.9,328.7,126292,334.9,-1.85,,,
2026-03-25 13:32:42,NTC,2026-03-25,932.0,933.1,928.9,931.7,161265,914.0,1.94,,,
2026-03-25 13:32:42,NICA,2026-03-25,387.0,389.9,388.3,388.8,25218,394.0,-1.32,,,
2026-03-25 13:32:42,UPPER,2026-03-25,450.0,452.7,449.5,450.5,120559,448.0,0.56,,,
2026-03-25 13:32:42,SCB,2026-03-25,693.6,694.2,690.9,691.7,73882,680.0,1.72,,,
2026-03-25 13:32:42,EBL,2026-03-25,600.0,602.3,600.2,602.0,47807,598.0,0.67,,,
2026-03-25 13:32:42,SBL,2026-03-25,410.0,410.0,405.8,408.7,78942,405.0,0.91,,,
2026-03-25 13:32:42,GBIME,2026-03-25,320.0,319.6,317.8,318.9,32136,318.0,0.28,,,
2026-03-25 13:36:16,NEPSE,2026-03-25,2100.0,2102.4,2098.5,2100.3,115416,2098.0,0.11,,,
2026-03-25 13:36:16,NABIL,2026-03-25,544.0,545.5,541.8,543.3,136625,544.6,-0.24,,,
2026-03-25 13:36:16,ADBL,2026-03-25,328.5,332.6,328.1,329.6,145082,334.9,-1.58,,,
2026-03-25 13:36:16,NTC,2026-03-25,932.0,935.9,931.0,933.8,127293,914.0,2.17,,,
2026-03-25 13:36:16,NICA,2026-03-25,387.0,389.8,386.0,387.1,197943,394.0,-1.75,,,
2026-03-25 13:36:16,UPPER,2026-03-25,450.0,453.1,449.8,450.4,137463,448.0,0.54,,,
2026-03-25 13:36:16,SCB,2026-03-25,693.6,698.3,693.2,695.6,81204,680.0,2.29,,,
2026-03-25 13:36:16,EBL,2026-03-25,600.0,601.3,600.5,600.7,80874,598.0,0.45,,,
2026-03-25 13:36:16,SBL,2026-03-25,410.0,408.8,408.0,408.4,157562,405.0,0.84,,,
2026-03-25 13:36:16,GBIME,2026-03-25,320.0,322.0,319.5,321.6,53445,318.0,1.13,,,
2026-03-25 13:39:29,NEPSE,2026-03-25,2100.0,2101.0,2097.5,2098.5,134689,2098.0,0.02,,,
2026-03-25 13:39:29,NABIL,2026-03-25,544.0,545.0,540.9,543.4,25021,544.6,-0.22,,,
2026-03-25 13:39:29,ADBL,2026-03-25,328.5,329.8,326.5,328.1,44181,334.9,-2.03,,,
2026-03-25 13:39:29,NTC,2026-03-25,932.0,934.2,931.2,933.7,141942,914.0,2.16,,,
2026-03-25 13:39:29,NICA,2026-03-25,387.0,389.9,387.0,387.5,133666,394.0,-1.65,,,
2026-03-25 13:39:29,UPPER,2026-03-25,450.0,450.1,446.6,448.9,149594,448.0,0.2,,,
2026-03-25 13:39:29,SCB,2026-03-25,693.6,693.3,692.1,692.9,103526,680.0,1.9,,,
2026-03-25 13:39:29,EBL,2026-03-25,600.0,603.1,599.9,601.3,76330,598.0,0.55,,,
2026-03-25 13:39:29,SBL,2026-03-25,410.0,413.5,409.8,411.2,161304,405.0,1.53,,,
2026-03-25 13:39:29,GBIME,2026-03-25,320.0,320.9,318.1,318.4,186732,318.0,0.13,,,
2026-03-25 13:43:41,NEPSE,2026-03-25,2100.0,2102.6,2097.2,2100.0,22771,2098.0,0.1,,,
2026-03-25 13:43:41,NABIL,2026-03-25,544.0,543.4,541.2,542.1,57197,544.6,-0.46,,,
2026-03-25 13:43:41,ADBL,2026-03-25,328.5,331.0,328.1,329.5,169333,334.9,-1.61,,,
2026-03-25 13:43:41,NTC,2026-03-25,932.0,936.7,933.8,933.9,53283,914.0,2.18,,,
2026-03-25 13:43:41,NICA,2026-03-25,387.0,386.2,383.4,385.7,199447,394.0,-2.11,,,
2026-03-25 13:43:41,UPPER,2026-03-25,450.0,452.1,448.7,449.5,69825,448.0,0.33,,,
2026-03-25 13:43:41,SCB,2026-03-25,693.6,694.7,690.5,692.0,90710,680.0,1.76,,,
2026-03-25 13:43:41,EBL,2026-03-25,600.0,600.4,599.0,599.2,69900,598.0,0.2,,,
2026-03-25 13:43:41,SBL,2026-03-25,410.0,409.3,406.9,408.2,147666,405.0,0.79,,,
2026-03-25 13:43:41,GBIME,2026-03-25,320.0,321.2,318.2,319.3,62597,318.0,0.41,,,
2026-03-25 13:47:18,NEPSE,2026-03-25,2100.0,2101.5,2097.5,2098.8,148226,2098.0,0.04,,,
2026-03-25 13:47:18,NABIL,2026-03-25,544.0,543.6,539.8,542.2,192946,544.6,-0.44,,,
2026-03-25 13:47:18,ADBL,2026-03-25,328.5,327.4,325.7,326.8,67248,334.9,-2.42,,,
2026-03-25 13:47:18,NTC,2026-03-25,932.0,934.9,932.6,932.9,70797,914.0,2.07,,,
2026-03-25 13:47:18,NICA,2026-03-25,387.0,390.8,388.5,388.9,19975,394.0,-1.29,,,
2026-03-25 13:47:18,UPPER,2026-03-25,450.0,450.6,448.7,449.2,29947,448.0,0.27,,,
2026-03-25 13:47:18,SCB,2026-03-25,693.6,695.8,692.5,693.1,139158,680.0,1.93,,,
2026-03-25 13:47:18,EBL,2026-03-25,600.0,601.4,595.7,598.7,100876,598.0,0.12,,,
2026-03-25 13:47:18,SBL,2026-03-25,410.0,410.3,407.9,408.4,19029,405.0,0.84,,,
2026-03-25 13:47:18,GBIME,2026-03-25,320.0,319.5,315.7,318.4,163053,318.0,0.13,,,
2026-03-25 13:52:42,NEPSE,2026-03-25,2100.0,2099.2,2097.3,2099.0,75064,2098.0,0.05,,,
2026-03-25 13:52:42,NABIL,2026-03-25,544.0,545.2,540.7,543.1,52021,544.6,-0.28,,,
2026-03-25 13:52:42,ADBL,2026-03-25,328.5,329.8,325.5,328.0,185448,334.9,-2.06,,,
2026-03-25 13:52:42,NTC,2026-03-25,932.0,934.0,933.0,933.8,84756,914.0,2.17,,,
2026-03-25 13:52:42,NICA,2026-03-25,387.0,385.5,383.1,385.2,99258,394.0,-2.23,,,
2026-03-25 13:52:42,UPPER,2026-03-25,450.0,453.5,450.2,450.6,18579,448.0,0.58,,,
2026-03-25 13:52:42,SCB,2026-03-25,693.6,695.3,690.8,692.4,28664,680.0,1.82,,,
2026-03-25 13:52:42,EBL,2026-03-25,600.0,599.9,598.5,599.1,174388,598.0,0.18,,,
2026-03-25 13:52:42,SBL,2026-03-25,410.0,409.8,407.9,408.4,102064,405.0,0.84,,,
2026-03-25 13:52:42,GBIME,2026-03-25,320.0,323.3,319.6,320.9,42858,318.0,0.91,,,
2026-03-25 13:56:57,NEPSE,2026-03-25,2100.0,2100.9,2098.5,2098.9,171505,2098.0,0.04,,,
2026-03-25 13:56:57,NABIL,2026-03-25,544.0,546.7,543.9,544.0,46662,544.6,-0.11,,,
2026-03-25 13:56:57,ADBL,2026-03-25,328.5,327.8,325.3,326.9,99912,334.9,-2.39,,,
2026-03-25 13:56:57,NTC,2026-03-25,932.0,934.0,932.3,933.3,48541,914.0,2.11,,,
2026-03-25 13:56:57,NICA,2026-03-25,387.0,386.9,385.2,385.7,85102,394.0,-2.11,,,
2026-03-25 13:56:57,UPPER,2026-03-25,450.0,453.2,450.7,451.8,167345,448.0,0.85,,,
2026-03-25 13:56:57,SCB,2026-03-25,693.6,693.4,690.7,693.2,195239,680.0,1.94,,,
2026-03-25 13:56:57,EBL,2026-03-25,600.0,600.8,597.3,599.8,125642,598.0,0.3,,,
2026-03-25 13:56:57,SBL,2026-03-25,410.0,410.6,406.3,408.2,82999,405.0,0.79,,,
2026-03-25 13:56:57,GBIME,2026-03-25,320.0,322.1,316.8,319.3,108593,318.0,0.41,,,
2026-03-25 14:01:27,NEPSE,2026-03-25,2100.0,2102.4,2098.4,2099.5,152525,2098.0,0.07,,,
2026-03-25 14:01:27,NABIL,2026-03-25,544.0,545.9,545.6,545.8,61444,544.6,0.22,,,
2026-03-25 14:01:27,ADBL,2026-03-25,328.5,329.2,326.0,327.7,109979,334.9,-2.15,,,
2026-03-25 14:01:27,NTC,2026-03-25,932.0,932.7,930.0,930.8,196367,914.0,1.84,,,
2026-03-25 14:01:27,NICA,2026-03-25,387.0,390.3,387.8,388.7,137939,394.0,-1.35,,,
2026-03-25 14:01:27,UPPER,2026-03-25,450.0,453.2,448.8,451.5,185148,448.0,0.78,,,
2026-03-25 14:01:27,SCB,2026-03-25,693.6,695.3,693.4,694.7,150759,680.0,2.16,,,
2026-03-25 14:01:27,EBL,2026-03-25,600.0,599.8,596.7,598.4,5542,598.0,0.07,,,
2026-03-25 14:01:27,SBL,2026-03-25,410.0,412.1,411.0,411.3,17976,405.0,1.56,,,
2026-03-25 14:01:27,GBIME,2026-03-25,320.0,319.8,317.4,318.9,171736,318.0,0.28,,,
2026-03-25 14:05:01,NEPSE,2026-03-25,2100.0,2100.6,2095.6,2098.2,157838,2098.0,0.01,,,
2026-03-25 14:05:01,NABIL,2026-03-25,544.0,543.7,539.7,542.2,24772,544.6,-0.44,,,
2026-03-25 14:05:01,ADBL,2026-03-25,328.5,328.7,324.9,327.7,160666,334.9,-2.15,,,
2026-03-25 14:05:01,NTC,2026-03-25,932.0,934.0,930.7,932.6,82973,914.0,2.04,,,
2026-03-25 14:05:01,NICA,2026-03-25,387.0,389.4,387.1,388.9,136484,394.0,-1.29,,,
2026-03-25 14:05:01,UPPER,2026-03-25,450.0,449.1,445.7,448.6,7805,448.0,0.13,,,
2026-03-25 14:05:01,SCB,2026-03-25,693.6,695.2,692.8,692.9,142731,680.0,1.9,,,
2026-03-25 14:05:01,EBL,2026-03-25,600.0,600.2,596.9,599.0,122671,598.0,0.17,,,
2026-03-25 14:05:01,SBL,2026-03-25,410.0,410.4,407.5,408.3,82104,405.0,0.81,,,
2026-03-25 14:05:01,GBIME,2026-03-25,320.0,320.2,315.1,318.0,100087,318.0,0.0,,,
2026-03-25 14:08:37,NEPSE,2026-03-25,2100.0,2101.5,2100.9,2101.3,170668,2098.0,0.16,,,
2026-03-25 14:08:37,NABIL,2026-03-25,544.0,545.5,542.0,544.3,108164,544.6,-0.06,,,
2026-03-25 14:08:37,ADBL,2026-03-25,328.5,328.8,326.5,326.7,79166,334.9,-2.45,,,
2026-03-25 14:08:37,NTC,2026-03-25,932.0,931.1,928.6,931.1,7956,914.0,1.87,,,
2026-03-25 14:08:37,NICA,2026-03-25,387.0,387.7,384.8,386.7,185065,394.0,-1.85,,,
2026-03-25 14:08:37,UPPER,2026-03-25,450.0,450.8,448.6,449.1,41056,448.0,0.25,,,
2026-03-25 14:08:37,SCB,2026-03-25,693.6,696.9,692.2,695.1,55065,680.0,2.22,,,
2026-03-25 14:08:37,EBL,2026-03-25,600.0,599.4,598.7,599.3,170198,598.0,0.22,,,
2026-03-25 14:08:37,SBL,2026-03-25,410.0,413.7,410.2,411.5,175910,405.0,1.6,,,
2026-03-25 14:08:37,GBIME,2026-03-25,320.0,320.0,318.3,318.8,147756,318.0,0.25,,,
2026-03-25 14:11:50,NEPSE,2026-03-25,2100.0,2101.5,2097.2,2099.6,174306,2098.0,0.08,,,
2026-03-25 14:11:50,NABIL,2026-03-25,544.0,544.8,544.1,544.2,38410,544.6,-0.07,,,
2026-03-25 14:11:50,ADBL,2026-03-25,328.5,329.1,327.2,328.4,46288,334.9,-1.94,,,
2026-03-25 14:11:50,NTC,2026-03-25,932.0,933.2,929.0,931.7,50380,914.0,1.94,,,
2026-03-25 14:11:50,NICA,2026-03-25,387.0,388.9,387.2,387.3,192160,394.0,-1.7,,,
2026-03-25 14:11:50,UPPER,2026-03-25,450.0,449.0,448.6,448.9,120399,448.0,0.2,,,
2026-03-25 14:11:50,SCB,2026-03-25,693.6,695.7,692.5,693.2,158154,680.0,1.94,,,
2026-03-25 14:11:50,EBL,2026-03-25,600.0,603.8,601.8,601.8,40043,598.0,0.64,,,
2026-03-25 14:11:50,SBL,2026-03-25,410.0,410.8,407.8,409.3,196794,405.0,1.06,,,
2026-03-25 14:11:50,GBIME,2026-03-25,320.0,320.4,316.5,319.3,93807,318.0,0.41,,,
2026-03-25 14:15:18,NEPSE,2026-03-25,2100.0,2100.7,2100.0,2100.5,98585,2098.0,0.12,,,
2026-03-25 14:15:18,NABIL,2026-03-25,544.0,546.2,544.6,545.2,15998,544.6,0.11,,,
2026-03-25 14:15:18,ADBL,2026-03-25,328.5,327.9,326.1,326.6,108700,334.9,-2.48,,,
2026-03-25 14:15:18,NTC,2026-03-25,932.0,933.0,927.8,930.5,195474,914.0,1.81,,,
2026-03-25 14:15:18,NICA,2026-03-25,387.0,389.0,387.1,388.0,119413,394.0,-1.52,,,
2026-03-25 14:15:18,UPPER,2026-03-25,450.0,449.7,448.0,449.3,43639,448.0,0.29,,,
2026-03-25 14:15:18,SCB,2026-03-25,693.6,693.4,691.2,693.0,167630,680.0,1.91,,,
2026-03-25 14:15:18,EBL,2026-03-25,600.0,602.6,600.4,601.8,93172,598.0,0.64,,,
2026-03-25 14:15:18,SBL,2026-03-25,410.0,409.1,406.5,408.3,19053,405.0,0.81,,,
2026-03-25 14:15:18,GBIME,2026-03-25,320.0,319.0,316.6,318.7,85247,318.0,0.22,,,
2026-03-25 14:18:49,NEPSE,2026-03-25,2100.0,2100.9,2099.0,2099.0,28040,2098.0,0.05,,,
2026-03-25 14:18:49,NABIL,2026-03-25,544.0,546.1,541.3,543.8,125543,544.6,-0.15,,,
2026-03-25 14:18:49,ADBL,2026-03-25,328.5,331.8,327.5,330.4,49520,334.9,-1.34,,,
2026-03-25 14:18:49,NTC,2026-03-25,932.0,933.7,930.5,933.2,31273,914.0,2.1,,,
2026-03-25 14:18:49,NICA,2026-03-25,387.0,389.5,388.2,388.2,184241,394.0,-1.47,,,
2026-03-25 14:18:49,UPPER,2026-03-25,450.0,451.2,448.6,450.3,157331,448.0,0.51,,,
2026-03-25 14:18:49,SCB,2026-03-25,693.6,692.5,690.6,692.2,131497,680.0,1.79,,,
2026-03-25 14:18:49,EBL,2026-03-25,600.0,602.2,599.7,601.2,101260,598.0,0.54,,,
2026-03-25 14:18:49,SBL,2026-03-25,410.0,411.0,406.8,409.2,156267,405.0,1.04,,,
2026-03-25 14:18:49,GBIME,2026-03-25,320.0,321.0,317.2,319.9,67327,318.0,0.6,,,
2026-03-25 14:23:02,NEPSE,2026-03-25,2100.0,2100.0,2095.5,2098.1,58484,2098.0,0.0,,,
2026-03-25 14:23:02,NABIL,2026-03-25,544.0,546.9,545.8,546.0,98953,544.6,0.26,,,
2026-03-25 14:23:02,ADBL,2026-03-25,328.5,328.5,326.4,327.3,68604,334.9,-2.27,,,
2026-03-25 14:23:02,NTC,2026-03-25,932.0,932.8,932.3,932.4,130391,914.0,2.01,,,
2026-03-25 14:23:02,NICA,2026-03-25,387.0,389.9,386.4,388.4,12675,394.0,-1.42,,,
2026-03-25 14:23:02,UPPER,2026-03-25,450.0,451.8,448.8,450.2,163453,448.0,0.49,,,
2026-03-25 14:23:02,SCB,2026-03-25,693.6,696.1,691.0,693.2,137839,680.0,1.94,,,
2026-03-25 14:23:02,EBL,2026-03-25,600.0,603.1,600.9,601.7,41232,598.0,0.62,,,
2026-03-25 14:23:02,SBL,2026-03-25,410.0,412.6,410.4,411.9,124363,405.0,1.7,,,
2026-03-25 14:23:02,GBIME,2026-03-25,320.0,320.6,317.6,319.9,157341,318.0,0.6,,,
2026-03-25 14:27:16,NEPSE,2026-03-25,2100.0,2100.2,2095.7,2098.3,26514,2098.0,0.01,,,
2026-03-25 14:27:16,NABIL,2026-03-25,544.0,546.0,542.0,544.4,80041,544.6,-0.04,,,
2026-03-25 14:27:16,ADBL,2026-03-25,328.5,328.4,324.6,327.4,59155,334.9,-2.24,,,
2026-03-25 14:27:16,NTC,2026-03-25,932.0,930.4,928.0,930.1,120391,914.0,1.76,,,
2026-03-25 14:27:16,NICA,2026-03-25,387.0,390.6,386.4,387.6,93690,394.0,-1.62,,,
2026-03-25 14:27:16,UPPER,2026-03-25,450.0,452.3,449.8,451.7,40737,448.0,0.83,,,
2026-03-25 14:27:16,SCB,2026-03-25,693.6,694.2,691.4,692.0,118356,680.0,1.76,,,
2026-03-25 14:27:16,EBL,2026-03-25,600.0,599.7,597.2,599.6,58609,598.0,0.27,,,
2026-03-25 14:27:16,SBL,2026-03-25,410.0,412.0,410.3,411.3,152182,405.0,1.56,,,
2026-03-25 14:27:16,GBIME,2026-03-25,320.0,320.4,317.2,318.1,62343,318.0,0.03,,,
2026-03-25 14:32:57,NEPSE,2026-03-25,2100.0,2102.3,2098.1,2100.1,24951,2098.0,0.1,,,
2026-03-25 14:32:57,NABIL,2026-03-25,544.0,542.9,542.5,542.9,129429,544.6,-0.31,,,
2026-03-25 14:32:57,ADBL,2026-03-25,328.5,329.7,326.7,328.7,49583,334.9,-1.85,,,
2026-03-25 14:32:57,NTC,2026-03-25,932.0,930.9,928.9,930.7,28803,914.0,1.83,,,
2026-03-25 14:32:57,NICA,2026-03-25,387.0,386.8,384.8,385.3,9658,394.0,-2.21,,,
2026-03-25 14:32:57,UPPER,2026-03-25,450.0,452.1,449.4,450.9,58815,448.0,0.65,,,
2026-03-25 14:32:57,SCB,2026-03-25,693.6,697.5,692.6,695.1,73268,680.0,2.22,,,
2026-03-25 14:32:57,EBL,2026-03-25,600.0,602.9,601.0,601.5,33274,598.0,0.59,,,
2026-03-25 14:32:57,SBL,2026-03-25,410.0,411.0,407.9,408.0,117912,405.0,0.74,,,
2026-03-25 14:32:57,GBIME,2026-03-25,320.0,324.6,321.0,321.7,108396,318.0,1.16,,,
2026-03-25 14:37:02,NEPSE,2026-03-25,2100.0,2101.4,2098.2,2099.3,109968,2098.0,0.06,,,
2026-03-25 14:37:02,NABIL,2026-03-25,544.0,545.0,542.0,544.5,168102,544.6,-0.02,,,
2026-03-25 14:37:02,ADBL,2026-03-25,328.5,328.2,326.1,326.5,137412,334.9,-2.51,,,
2026-03-25 14:37:02,NTC,2026-03-25,932.0,935.1,932.1,933.4,111437,914.0,2.12,,,
2026-03-25 14:37:02,NICA,2026-03-25,387.0,387.2,385.9,386.4,20947,394.0,-1.93,,,
2026-03-25 14:37:02,UPPER,2026-03-25,450.0,450.9,445.9,448.1,126942,448.0,0.02,,,
2026-03-25 14:37:02,SCB,2026-03-25,693.6,692.7,690.0,692.3,137692,680.0,1.81,,,
2026-03-25 14:37:02,EBL,2026-03-25,600.0,603.7,600.8,601.1,73707,598.0,0.52,,,
2026-03-25 14:37:02,SBL,2026-03-25,410.0,411.4,408.2,411.2,133474,405.0,1.53,,,
2026-03-25 14:37:02,GBIME,2026-03-25,320.0,321.7,317.4,319.9,176017,318.0,0.6,,,
2026-03-25 14:43:02,NEPSE,2026-03-25,2100.0,2100.5,2095.8,2098.6,133424,2098.0,0.03,,,
2026-03-25 14:43:02,NABIL,2026-03-25,544.0,546.3,542.0,543.7,160600,544.6,-0.17,,,
2026-03-25 14:43:02,ADBL,2026-03-25,328.5,328.5,325.3,326.5,124275,334.9,-2.51,,,
2026-03-25 14:43:02,NTC,2026-03-25,932.0,934.5,931.4,931.7,90823,914.0,1.94,,,
2026-03-25 14:43:02,NICA,2026-03-25,387.0,387.3,386.3,386.6,51581,394.0,-1.88,,,
2026-03-25 14:43:02,UPPER,2026-03-25,450.0,451.5,450.1,451.2,161967,448.0,0.71,,,
2026-03-25 14:43:02,SCB,2026-03-25,693.6,696.2,694.1,694.2,135193,680.0,2.09,,,
2026-03-25 14:43:02,EBL,2026-03-25,600.0,601.8,598.6,599.3,112506,598.0,0.22,,,
2026-03-25 14:43:02,SBL,2026-03-25,410.0,410.9,406.8,408.0,37582,405.0,0.74,,,
2026-03-25 14:43:02,GBIME,2026-03-25,320.0,322.0,319.8,320.3,65211,318.0,0.72,,,
2026-03-25 14:45:39,NEPSE,2026-03-25,2100.0,2101.5,2098.8,2099.4,55024,2098.0,0.07,,,
2026-03-25 14:45:39,NABIL,2026-03-25,544.0,546.9,544.8,545.5,69644,544.6,0.17,,,
2026-03-25 14:45:39,ADBL,2026-03-25,328.5,331.8,328.7,329.1,189491,334.9,-1.73,,,
2026-03-25 14:45:39,NTC,2026-03-25,932.0,935.6,932.9,933.9,13121,914.0,2.18,,,
2026-03-25 14:45:39,NICA,2026-03-25,387.0,388.5,385.1,386.3,41959,394.0,-1.95,,,
2026-03-25 14:45:39,UPPER,2026-03-25,450.0,451.2,446.8,449.0,90549,448.0,0.22,,,
2026-03-25 14:45:39,SCB,2026-03-25,693.6,694.2,690.7,692.7,170238,680.0,1.87,,,
2026-03-25 14:45:39,EBL,2026-03-25,600.0,602.6,599.9,600.4,59203,598.0,0.4,,,
2026-03-25 14:45:39,SBL,2026-03-25,410.0,411.5,408.7,409.0,147103,405.0,0.99,,,
2026-03-25 14:45:39,GBIME,2026-03-25,320.0,323.9,319.1,321.0,69755,318.0,0.94,,,
2026-03-25 14:48:56,NEPSE,2026-03-25,2100.0,2102.6,2099.8,2100.6,128503,2098.0,0.12,,,
2026-03-25 14:48:56,NABIL,2026-03-25,544.0,544.3,542.1,544.1,154608,544.6,-0.09,,,
2026-03-25 14:48:56,ADBL,2026-03-25,328.5,326.9,325.6,326.6,32380,334.9,-2.48,,,
2026-03-25 14:48:56,NTC,2026-03-25,932.0,931.2,929.5,930.4,19522,914.0,1.79,,,
2026-03-25 14:48:56,NICA,2026-03-25,387.0,390.4,387.3,387.6,52989,394.0,-1.62,,,
2026-03-25 14:48:56,UPPER,2026-03-25,450.0,448.2,446.4,448.2,73432,448.0,0.04,,,
2026-03-25 14:48:56,SCB,2026-03-25,693.6,694.8,689.0,691.9,43126,680.0,1.75,,,
2026-03-25 14:48:56,EBL,2026-03-25,600.0,599.9,597.6,599.3,16929,598.0,0.22,,,
2026-03-25 14:48:56,SBL,2026-03-25,410.0,412.7,408.6,411.0,29671,405.0,1.48,,,
2026-03-25 14:48:56,GBIME,2026-03-25,320.0,320.8,316.6,318.3,199545,318.0,0.09,,,
2026-03-25 14:54:00,NEPSE,2026-03-25,2100.0,2102.5,2101.3,2101.4,197645,2098.0,0.16,,,
2026-03-25 14:54:00,NABIL,2026-03-25,544.0,545.4,540.1,542.4,179555,544.6,-0.4,,,
2026-03-25 14:54:00,ADBL,2026-03-25,328.5,331.7,327.9,330.5,168749,334.9,-1.31,,,
2026-03-25 14:54:00,NTC,2026-03-25,932.0,931.8,930.0,930.6,41892,914.0,1.82,,,
2026-03-25 14:54:00,NICA,2026-03-25,387.0,387.8,385.7,386.2,149453,394.0,-1.98,,,
2026-03-25 14:54:00,UPPER,2026-03-25,450.0,452.8,450.8,451.7,93557,448.0,0.83,,,
2026-03-25 14:54:00,SCB,2026-03-25,693.6,695.3,689.8,692.8,74386,680.0,1.88,,,
2026-03-25 14:54:00,EBL,2026-03-25,600.0,600.4,598.1,599.9,186438,598.0,0.32,,,
2026-03-25 14:54:00,SBL,2026-03-25,410.0,413.1,409.4,410.2,147449,405.0,1.28,,,
2026-03-25 14:54:00,GBIME,2026-03-25,320.0,320.0,318.6,319.3,41525,318.0,0.41,,,
2026-03-25 14:56:47,NEPSE,2026-03-25,2100.0,2101.8,2100.9,2101.5,91422,2098.0,0.17,,,
2026-03-25 14:56:47,NABIL,2026-03-25,544.0,544.6,540.2,542.2,105650,544.6,-0.44,,,
2026-03-25 14:56:47,ADBL,2026-03-25,328.5,328.1,325.0,327.1,176945,334.9,-2.33,,,
2026-03-25 14:56:47,NTC,2026-03-25,932.0,933.9,930.5,933.1,70490,914.0,2.09,,,
2026-03-25 14:56:47,NICA,2026-03-25,387.0,388.7,385.0,387.6,121679,394.0,-1.62,,,
2026-03-25 14:56:47,UPPER,2026-03-25,450.0,451.3,447.4,449.9,133091,448.0,0.42,,,
2026-03-25 14:56:47,SCB,2026-03-25,693.6,695.0,690.6,692.8,145707,680.0,1.88,,,
2026-03-25 14:56:47,EBL,2026-03-25,600.0,600.5,596.0,598.5,66446,598.0,0.08,,,
2026-03-25 14:56:47,SBL,2026-03-25,410.0,412.2,409.2,411.0,11272,405.0,1.48,,,
2026-03-25 14:56:47,GBIME,2026-03-25,320.0,323.4,318.2,321.0,63653,318.0,0.94,,,
